epoch,lr,prediction_error_average,baseline_error_average,valid_prediction_error_average,valid_baseline_error_average
10.0,0.000387420489,8.610600968064933,21.70067773264617,9.348967838768115,22.296109326077193
20.0,0.0001350851717672993,7.950828335672764,21.701515054937655,8.803471627568763,22.296109326077193
30.0,4.7101286972462485e-05,7.682898825377666,21.701268003491933,8.871131930661278,22.296109326077193
