epoch,lr,prediction_error_average,baseline_error_average,valid_prediction_error_average,valid_baseline_error_average
10.0,0.0031512470486230455,12.009038160147247,38.073060968231395,12.242714889326823,31.970476077275602
20.0,0.0018867680126765363,10.934101242967765,38.07306109818733,10.549684598834633,31.970476077275602
30.0,0.0011296777049628276,10.334983532209977,38.07306091122242,10.918421423693928,31.970476077275602
40.0,0.0006763797713952794,9.968210244397152,38.07306090877042,10.746721010308963,31.970476077275602
50.0,0.0004049735540879638,9.732488076288027,38.073061119642325,10.915579405770277,31.970476077275602
