epoch,lr,prediction_error_average,baseline_error_average,valid_prediction_error_average,valid_baseline_error_average
10.0,0.00013421772800000008,9.912743871787676,18.340346642500148,13.442199063043638,17.67702102933344
20.0,1.4411518807585605e-05,9.53929377506089,18.340346544145863,12.864477776084017,17.67702102933344
