epoch,lr,prediction_error_average,baseline_error_average,valid_prediction_error_average,valid_baseline_error_average
10.0,0.0031512470486230455,7.600977496588976,17.34793784552097,8.063052194411714,15.810542599652035
20.0,0.0018867680126765363,6.963065089318179,17.347937779317,8.55385124013367,15.810542599652035
30.0,0.0011296777049628276,6.615814412653532,17.347937840003972,8.158283764346148,15.810542599652035
40.0,0.0006763797713952794,6.416057482306719,17.34793781824248,8.864449264874509,15.810542599652035
50.0,0.0004049735540879638,6.282966475001719,17.347937792189995,8.809916052077966,15.810542599652035
