epoch,lr,prediction_error_average,baseline_error_average,valid_prediction_error_average,valid_baseline_error_average
10.0,0.0031512470486230455,10.750258831404869,34.26044340235958,14.394487721031537,46.16180195888874
20.0,0.0018867680126765363,9.773052343958257,34.260443228613845,15.132014875287156,46.16180195888874
30.0,0.0011296777049628276,9.246495482674398,34.260443300365495,14.51987910981322,46.16180195888874
40.0,0.0006763797713952794,8.89581428425838,34.26044323039281,14.594453479340919,46.16180195888874
50.0,0.0004049735540879638,8.685716653118492,34.26044342133522,14.635530298242356,46.16180195888874
