epoch,lr,prediction_error_average,baseline_error_average,valid_prediction_error_average,valid_baseline_error_average
10.0,0.0031512470486230455,11.03675199891321,36.6291945970183,14.210860614054017,39.24499248874968
20.0,0.0018867680126765363,10.164592819968934,36.62919464279121,13.781413350786481,39.24499248874968
30.0,0.0011296777049628276,9.633041150380455,36.629194739395494,13.420587460262716,39.24499248874968
40.0,0.0006763797713952794,9.321497342361276,36.6291945597584,13.51174819460043,39.24499248874968
50.0,0.0004049735540879638,9.118284091846443,36.62919458554423,13.551858222287004,39.24499248874968
