epoch,lr,prediction_error_average,baseline_error_average,valid_prediction_error_average,valid_baseline_error_average
10.0,0.0031512470486230455,7.102728691142583,15.654054571009713,10.053872753065706,22.383828358814892
20.0,0.0018867680126765363,6.502288157250932,15.654054623933968,9.67120313035297,22.383828358814892
30.0,0.0011296777049628276,6.178561205740166,15.654054535875122,9.474860049519812,22.383828358814892
40.0,0.0006763797713952794,5.98856778843822,15.654054631346328,9.575695679364868,22.383828358814892
50.0,0.0004049735540879638,5.867980196226557,15.654054672855548,9.382669132640546,22.383828358814892
