epoch,lr,prediction_error_average,baseline_error_average,valid_prediction_error_average,valid_baseline_error_average
10.0,0.0031512470486230455,7.953854250980692,17.34793784552097,8.754477235033038,15.810542599652035
20.0,0.0018867680126765363,7.2656459419861035,17.347937779317,8.824079299676265,15.810542599652035
30.0,0.0011296777049628276,6.8961730809451565,17.347937840003972,8.554493886600552,15.810542599652035
40.0,0.0006763797713952794,6.660554412858348,17.34793781824248,9.387923353170779,15.810542599652035
50.0,0.0004049735540879638,6.536863382043093,17.347937792189995,9.406038878159054,15.810542599652035
