epoch,lr,prediction_error_average,baseline_error_average,valid_prediction_error_average,valid_baseline_error_average
10.0,0.0031512470486230455,6.932713038057122,17.710016179014605,12.416113848320407,13.92453464235945
20.0,0.0018867680126765363,6.356455197142359,17.71001608583806,10.451774910353073,13.92453464235945
30.0,0.0011296777049628276,6.027036173337006,17.710016217874617,11.502313539445963,13.92453464235945
40.0,0.0006763797713952794,5.8355991471721005,17.710016146060145,11.285500322344486,13.92453464235945
50.0,0.0004049735540879638,5.713503533175932,17.71001617176025,11.050662744735163,13.92453464235945
