epoch,lr,prediction_error_average,baseline_error_average,valid_prediction_error_average,valid_baseline_error_average
10.0,0.000387420489,9.255948819885022,18.81123737957649,15.65824892880411,19.846606966834614
20.0,0.0001350851717672993,7.743924298407215,18.81123743410771,15.477204083362308,19.846606966834614
