epoch,lr,prediction_error_average,baseline_error_average,valid_prediction_error_average,valid_baseline_error_average
10.0,0.0031512470486230455,7.078573926322777,16.86479711691441,10.77225200830714,20.41618338587158
20.0,0.0018867680126765363,6.469544894482688,16.864797179003947,10.46193647234103,20.41618338587158
30.0,0.0011296777049628276,6.156086035767041,16.864797107476058,10.485148846115196,20.41618338587158
40.0,0.0006763797713952794,5.947301294899313,16.86479722030444,10.511823070453863,20.41618338587158
50.0,0.0004049735540879638,5.838623321142345,16.864797183599745,10.662118433024249,20.41618338587158
