epoch,lr,prediction_error_average,baseline_error_average,valid_prediction_error_average,valid_baseline_error_average
10.0,0.0031512470486230455,7.26811003973341,16.946411183962123,9.376085271521669,17.127848511903498
20.0,0.0018867680126765363,6.588268558189128,16.94641115715293,9.074907416395273,17.127848511903498
30.0,0.0011296777049628276,6.222906574001157,16.946411141067415,9.032518042076797,17.127848511903498
40.0,0.0006763797713952794,6.000882457530562,16.946411155031342,8.891813561786092,17.127848511903498
50.0,0.0004049735540879638,5.879456648668251,16.946411193297124,9.036468700275178,17.127848511903498
