epoch,lr,prediction_error_average,baseline_error_average,valid_prediction_error_average,valid_baseline_error_average
10.0,0.000387420489,11.228650778502667,26.68699433275044,12.434778835025991,27.965818342793835
20.0,0.0001350851717672993,10.16655805803872,26.68806265469255,11.684259178923202,27.965818342793835
30.0,4.7101286972462485e-05,9.790945108066051,26.687705666678294,11.52218763497224,27.965818342793835
