epoch,lr,prediction_error_average,baseline_error_average,valid_prediction_error_average,valid_baseline_error_average
10.0,0.00013421772800000008,10.588879521325575,19.83729911617743,13.605857602017691,19.158503373173495
20.0,1.4411518807585605e-05,10.26076035196103,19.83729905555182,13.215409271668282,19.158503373173495
