epoch,lr,prediction_error_average,baseline_error_average,valid_prediction_error_average,valid_baseline_error_average
10.0,0.0031512470486230455,11.215500406857181,37.41471140180658,12.56221719666621,30.93355592160242
20.0,0.0018867680126765363,10.161977187492527,37.41471136638049,12.079453511938826,30.93355592160242
30.0,0.0011296777049628276,9.621708142567217,37.41471141006379,12.79785284691814,30.93355592160242
40.0,0.0006763797713952794,9.284956855555508,37.41471149836265,12.802784635619023,30.93355592160242
50.0,0.0004049735540879638,9.09342494369015,37.41471151381162,12.353558916823411,30.93355592160242
