epoch,lr,prediction_error_average,baseline_error_average,valid_prediction_error_average,valid_baseline_error_average
10.0,0.0031512470486230455,7.192005540864892,17.50319467810984,8.076979513886155,13.02178808882245
20.0,0.0018867680126765363,6.578426509347495,17.503194716332725,8.51680075724065,13.02178808882245
30.0,0.0011296777049628276,6.237902082636283,17.503194775365106,9.18722527808186,13.02178808882245
40.0,0.0006763797713952794,6.046832117767835,17.503194717464762,8.580716274425548,13.02178808882245
50.0,0.0004049735540879638,5.918670294176028,17.50319469482403,8.409839358859593,13.02178808882245
