epoch,lr,prediction_error_average,baseline_error_average,valid_prediction_error_average,valid_baseline_error_average
10.0,0.0031512470486230455,7.422601735037815,15.654054571009713,10.273143086706384,22.383828358814892
20.0,0.0018867680126765363,6.757800132476318,15.654054623933968,11.076443362736097,22.383828358814892
30.0,0.0011296777049628276,6.427539768290153,15.654054535875122,10.692460610275859,22.383828358814892
40.0,0.0006763797713952794,6.220075550298752,15.654054631346328,10.74499669170515,22.383828358814892
50.0,0.0004049735540879638,6.091294745384915,15.654054672855548,10.182552738382206,22.383828358814892
