epoch,lr,prediction_error_average,baseline_error_average,valid_prediction_error_average,valid_baseline_error_average
10.0,0.0031512470486230455,7.540269489849021,17.50319467810984,9.786573951611809,13.02178808882245
20.0,0.0018867680126765363,6.87321017855011,17.503194716332725,9.915889075084399,13.02178808882245
30.0,0.0011296777049628276,6.533389139303601,17.503194775365106,10.392085319573734,13.02178808882245
40.0,0.0006763797713952794,6.346795087985535,17.503194717464762,10.080387947670447,13.02178808882245
50.0,0.0004049735540879638,6.224475697082992,17.50319469482403,9.828534677840475,13.02178808882245
