epoch,lr,prediction_error_average,baseline_error_average,valid_prediction_error_average,valid_baseline_error_average
10.0,0.0031512470486230455,10.978018538145573,36.665673106598994,13.396472848475902,36.70419958383695
20.0,0.0018867680126765363,9.959681765400456,36.665673064012886,12.96762489708716,36.70419958383695
30.0,0.0011296777049628276,9.443322160061435,36.66567313267527,13.073556124953415,36.70419958383695
40.0,0.0006763797713952794,9.087506120858665,36.665673216767416,12.642002337974969,36.70419958383695
50.0,0.0004049735540879638,8.88761659093415,36.66567311130507,12.842094270520056,36.70419958383695
