epoch,lr,prediction_error_average,baseline_error_average,valid_prediction_error_average,valid_baseline_error_average
10.0,0.000387420489,11.41625799895862,21.98801126841916,19.167334898920682,23.39777120579456
20.0,0.0001350851717672993,9.579717458622756,21.988011274017424,18.449261299357758,23.39777120579456
