epoch,lr,prediction_error_average,baseline_error_average,valid_prediction_error_average,valid_baseline_error_average
10.0,4.035360699999999e-05,8.640887353455492,21.70067773264617,9.076976826037352,22.296109326077193
20.0,1.1398895185373134e-06,8.550273105546172,21.701515054937655,9.049969604895743,22.296109326077193
30.0,3.219905755813175e-08,8.548194343115895,21.701268003491933,9.044935483258723,22.296109326077193
