epoch,lr,prediction_error_average,baseline_error_average,valid_prediction_error_average,valid_baseline_error_average
10.0,0.0031512470486230455,10.970492215592364,37.404324519853425,14.66109708565241,33.673748134443606
20.0,0.0018867680126765363,9.99414682495845,37.40432452276975,14.778440979897255,33.673748134443606
30.0,0.0011296777049628276,9.452594916420717,37.40432437301653,15.012846330614462,33.673748134443606
40.0,0.0006763797713952794,9.14175641894418,37.40432460267702,15.080874659331618,33.673748134443606
50.0,0.0004049735540879638,8.950751065487918,37.404324496960285,14.86791840664952,33.673748134443606
