epoch,lr,prediction_error_average,baseline_error_average,valid_prediction_error_average,valid_baseline_error_average
10.0,0.000387420489,9.139060227686146,18.81123737957649,15.766170326540093,19.846606966834614
20.0,0.0001350851717672993,7.659689624279216,18.81123743410771,16.34865078071957,19.846606966834614
