epoch,lr,prediction_error_average,baseline_error_average,valid_prediction_error_average,valid_baseline_error_average
10.0,0.00013421772800000008,9.841132543202002,18.340346642500148,13.598209870456614,17.67702102933344
20.0,1.4411518807585605e-05,9.482429795595666,18.340346544145863,12.974997210990516,17.67702102933344
