epoch,lr,prediction_error_average,baseline_error_average,valid_prediction_error_average,valid_baseline_error_average
10.0,0.0031512470486230455,7.303276150376328,17.710016179014605,12.642623737715134,13.92453464235945
20.0,0.0018867680126765363,6.734502958515943,17.71001608583806,12.156788361345294,13.92453464235945
30.0,0.0011296777049628276,6.399751077847153,17.710016217874617,12.217705708012126,13.92453464235945
40.0,0.0006763797713952794,6.212180054573732,17.710016146060145,12.114567426781635,13.92453464235945
50.0,0.0004049735540879638,6.077063605269636,17.71001617176025,12.224831807019733,13.92453464235945
