epoch,lr,prediction_error_average,baseline_error_average,valid_prediction_error_average,valid_baseline_error_average
10.0,0.0031512470486230455,7.36155630879902,16.86479711691441,11.388995153469276,20.41618338587158
20.0,0.0018867680126765363,6.732172696146805,16.864797179003947,11.5134821536509,20.41618338587158
30.0,0.0011296777049628276,6.384438501384744,16.864797107476058,11.298651050561606,20.41618338587158
40.0,0.0006763797713952794,6.177075124580395,16.86479722030444,11.205228486019697,20.41618338587158
50.0,0.0004049735540879638,6.03963015971592,16.864797183599745,11.127596385477093,20.41618338587158
