epoch,lr,prediction_error_average,baseline_error_average,valid_prediction_error_average,valid_baseline_error_average
10.0,0.0031512470486230455,6.907515135194445,16.946411183962123,8.951462960560772,17.127848511903498
20.0,0.0018867680126765363,6.284605520517894,16.94641115715293,9.120700806630438,17.127848511903498
30.0,0.0011296777049628276,5.955372503003136,16.946411141067415,9.00964654661709,17.127848511903498
40.0,0.0006763797713952794,5.747864279426649,16.946411155031342,8.879299307426832,17.127848511903498
50.0,0.0004049735540879638,5.637365509042924,16.946411193297124,9.107284453097295,17.127848511903498
